{"name":"882395fd-4b21-4f12-84b8-068c11189fc6","id":"/providers/Microsoft.Flow/flows/882395fd-4b21-4f12-84b8-068c11189fc6","type":"Microsoft.Flow/flows","properties":{"apiId":"/providers/Microsoft.PowerApps/apis/shared_logicflows","displayName":"Microsoft Updating User Form (New)","definition":{"metadata":{"workflowEntityId":null,"processAdvisorMetadata":null,"flowChargedByPaygo":null,"flowclientsuspensionreason":"None","flowclientsuspensiontime":null,"flowclientsuspensionreasondetails":null,"creator":{"id":"3f5385ae-6e59-450b-9bf4-f65e07cb3a1a","type":"User","tenantId":"e5316188-a46b-45a7-a183-2c67e6845063"},"provisioningMethod":"FromDefinition","failureAlertSubscription":true,"clientLastModifiedTime":"2024-12-08T08:22:37.9571315Z","connectionKeySavedTimeKey":"2024-12-08T08:22:37.9571315Z"},"$schema":"https://schema.management.azure.com/providers/Microsoft.Logic/schemas/2016-06-01/workflowdefinition.json#","contentVersion":"1.0.0.0","parameters":{"$authentication":{"defaultValue":{},"type":"SecureObject"},"$connections":{"defaultValue":{},"type":"Object"}},"triggers":{"When_an_item_is_created_or_modified":{"recurrence":{"frequency":"Minute","interval":1},"splitOn":"@triggerOutputs()?['body/value']","metadata":{"operationMetadataId":"6f76cd78-71ba-4a11-a590-528be001806f"},"type":"OpenApiConnection","inputs":{"parameters":{"dataset":"https://stirlingschools.sharepoint.com/sites/forms","table":"526f33ed-d433-483d-9704-234da67ff149"},"host":{"apiId":"/providers/Microsoft.PowerApps/apis/shared_sharepointonline","connectionName":"shared_sharepointonline","operationId":"GetOnUpdatedItems"},"authentication":"@parameters('$authentication')"},"conditions":[{"expression":"@not(equals(triggerOutputs()?['body/Editor/Email'],'approvals@stirlingschools.co.uk'))"}]}},"actions":{"Start_and_wait_for_an_approval":{"runAfter":{"Update_item":["Succeeded"]},"metadata":{"operationMetadataId":"13422e6e-3a33-4e38-b4cb-fb5b174063f1"},"type":"OpenApiConnectionWebhook","inputs":{"parameters":{"approvalType":"Basic","WebhookApprovalCreationInput/title":"Microsoft Update User Request","WebhookApprovalCreationInput/assignedTo":"@{if(equals(outputs('Get_manager_(V2)')?['body/jobTitle'],'General Director'),triggerOutputs()?['body/Author/Email'],outputs('Get_manager_(V2)')?['body/userPrincipalName'])};","WebhookApprovalCreationInput/details":"Staff: @{outputs('Update_item')?['body/staff/Email']}\nFirst Name: @{triggerOutputs()?['body/FirstName']}\nMiddle Name:  @{triggerOutputs()?['body/MiddleName']}\nLast Name: @{triggerOutputs()?['body/LastName']}\nDisplay Name: @{triggerOutputs()?['body/DisplayName']}\nPhone Number: @{outputs('Update_item')?['body/PhoneNumber']}\nJob Title: @{triggerOutputs()?['body/JobTitle/Value']}\nDepartment: @{triggerOutputs()?['body/Department/Value']}\nStage: \nSchool-Office: @{triggerOutputs()?['body/School/Value']}\nPreffered email: @{triggerOutputs()?['body/PreferredEmail']}\nRequestor: @{triggerOutputs()?['body/Author/Email']}\n","WebhookApprovalCreationInput/enableNotifications":true,"WebhookApprovalCreationInput/enableReassignment":true},"host":{"apiId":"/providers/Microsoft.PowerApps/apis/shared_approvals","connectionName":"shared_approvals","operationId":"StartAndWaitForAnApproval"},"authentication":"@parameters('$authentication')"},"description":"Here we simply put the values in detail you can add them to pdf then attaching it to approval. or add them in a table."},"Update_item":{"runAfter":{"For_each":["Succeeded"]},"metadata":{"operationMetadataId":"0d4ee7f0-958b-4785-ac6a-f22c3809eab1"},"type":"OpenApiConnection","inputs":{"parameters":{"dataset":"https://stirlingschools.sharepoint.com/sites/forms","table":"526f33ed-d433-483d-9704-234da67ff149","id":"@triggerOutputs()?['body/ID']","item/Title":"@outputs('Get_manager_(V2)')?['body/officeLocation']","item/Status/Value":"Awaiting Principal Approval"},"host":{"apiId":"/providers/Microsoft.PowerApps/apis/shared_sharepointonline","connectionName":"shared_sharepointonline","operationId":"PatchItem"},"authentication":"@parameters('$authentication')"},"description":"Update Status"},"Get_manager_(V2)":{"runAfter":{},"metadata":{"operationMetadataId":"48e1411f-a1c8-41ec-8d14-03520b8122fb"},"type":"OpenApiConnection","inputs":{"parameters":{"id":"@triggerOutputs()?['body/Author/Email']"},"host":{"apiId":"/providers/Microsoft.PowerApps/apis/shared_office365users","connectionName":"shared_office365users","operationId":"Manager_V2"},"authentication":"@parameters('$authentication')"},"description":"Get manager of submitter"},"Condition_2":{"actions":{"Update_item_2":{"metadata":{"operationMetadataId":"0d4ee7f0-958b-4785-ac6a-f22c3809eab1"},"type":"OpenApiConnection","inputs":{"parameters":{"dataset":"https://stirlingschools.sharepoint.com/sites/forms","table":"526f33ed-d433-483d-9704-234da67ff149","id":"@triggerOutputs()?['body/ID']","item/Title":"@outputs('Get_manager_(V2)')?['body/officeLocation']","item/Status/Value":"Awaiting HR Approval"},"host":{"apiId":"/providers/Microsoft.PowerApps/apis/shared_sharepointonline","connectionName":"shared_sharepointonline","operationId":"PatchItem"},"authentication":"@parameters('$authentication')"}},"Start_and_wait_for_an_approval_2":{"runAfter":{"Update_item_2":["Succeeded"]},"metadata":{"operationMetadataId":"13422e6e-3a33-4e38-b4cb-fb5b174063f1"},"type":"OpenApiConnectionWebhook","inputs":{"parameters":{"approvalType":"Basic","WebhookApprovalCreationInput/title":"Microsoft Update User Request","WebhookApprovalCreationInput/assignedTo":"planning@stirlingschools.co.uk;","WebhookApprovalCreationInput/details":"Staff: @{outputs('Update_item')?['body/staff/Email']}\nFirst Name: @{triggerOutputs()?['body/FirstName']}\nMiddle Name:  @{triggerOutputs()?['body/MiddleName']}\nLast Name: @{triggerOutputs()?['body/LastName']}\nDisplay Name: @{triggerOutputs()?['body/DisplayName']}\nPhone Number: @{outputs('Update_item')?['body/PhoneNumber']}\nJob Title: @{triggerOutputs()?['body/JobTitle/Value']}\nDepartment: @{triggerOutputs()?['body/Department/Value']}\nStage: @{variables('Stage Variable')}\nSchool-Office: @{triggerOutputs()?['body/School/Value']}\nPreffered email: @{triggerOutputs()?['body/PreferredEmail']}\nRequestor: @{triggerOutputs()?['body/Author/Email']}\n","WebhookApprovalCreationInput/enableNotifications":true,"WebhookApprovalCreationInput/enableReassignment":true},"host":{"apiId":"/providers/Microsoft.PowerApps/apis/shared_approvals","connectionName":"shared_approvals","operationId":"StartAndWaitForAnApproval"},"authentication":"@parameters('$authentication')"}},"Condition":{"actions":{"Create_a_task":{"metadata":{"operationMetadataId":"34822cd4-aa5e-4f21-ac5c-4d8df17d6528"},"type":"OpenApiConnection","inputs":{"parameters":{"body/groupId":"40742e25-e20e-4b18-a7af-ced1754a8fa0","body/planId":"JyhZyRfr4kGqF6H7EnUfCpgAGemQ","body/title":"Updating User Request","body/bucketId":"Q7JOlXQ-GkyQAf0aHWs4H5gAIf_6","body/dueDateTime":"@addDays(outputs('Start_and_wait_for_an_approval_2')?['body/completionDate'], +1, 'yyyy-MM-ddT00:00:00Z')","body/assignments":"helpdesk.microsoft@stirlingschools.co.uk;helpdesk.jupiter@stirlingschools.co.uk;","body/appliedCategories/category8":true,"body/priority":6},"host":{"apiId":"/providers/Microsoft.PowerApps/apis/shared_planner","connectionName":"shared_planner_1","operationId":"CreateTask_V4"},"authentication":"@parameters('$authentication')"}},"Update_task_details":{"runAfter":{"Create_a_task":["Succeeded"]},"metadata":{"operationMetadataId":"7b0ab2fd-ca69-403e-bfc4-748e049e9e88"},"type":"OpenApiConnection","inputs":{"parameters":{"id":"@outputs('Create_a_task')?['body/id']","body/description":"Staff: @{outputs('Update_item')?['body/staff/Email']}\nFirst Name: @{triggerOutputs()?['body/FirstName']}\nMiddle Name:  @{triggerOutputs()?['body/MiddleName']}\nLast Name: @{triggerOutputs()?['body/LastName']}\nDisplay Name: @{triggerOutputs()?['body/DisplayName']}\nPhone Number: @{outputs('Update_item')?['body/PhoneNumber']}\nJob Title: @{triggerOutputs()?['body/JobTitle/Value']}\nDepartment: @{triggerOutputs()?['body/Department/Value']}\nStage: @{variables('Stage Variable')}\nSchool-Office: @{triggerOutputs()?['body/School/Value']}\nPreffered email: @{triggerOutputs()?['body/PreferredEmail']}\nresponderes email: @{triggerOutputs()?['body/Author/Email']}"},"host":{"apiId":"/providers/Microsoft.PowerApps/apis/shared_planner","connectionName":"shared_planner_1","operationId":"UpdateTaskDetails_V2"},"authentication":"@parameters('$authentication')"},"description":"this one is needed to attach description "},"Update_item_4":{"runAfter":{"Update_task_details":["Succeeded"]},"metadata":{"operationMetadataId":"954caa4c-e2c1-4a62-8ac4-53dcfb6fed9f"},"type":"OpenApiConnection","inputs":{"parameters":{"dataset":"https://stirlingschools.sharepoint.com/sites/forms","table":"526f33ed-d433-483d-9704-234da67ff149","id":"@triggerOutputs()?['body/ID']","item/Status/Value":"Approved","item/School/Id":"@triggerOutputs()?['body/School/Id']"},"host":{"apiId":"/providers/Microsoft.PowerApps/apis/shared_sharepointonline","connectionName":"shared_sharepointonline","operationId":"PatchItem"},"authentication":"@parameters('$authentication')"}}},"runAfter":{"Start_and_wait_for_an_approval_2":["Succeeded"]},"else":{"actions":{"Scope_3":{"actions":{"Update_item_10":{"metadata":{"operationMetadataId":"5e1eff2f-3872-4385-9512-b747e41ac92b"},"type":"OpenApiConnection","inputs":{"parameters":{"dataset":"https://stirlingschools.sharepoint.com/sites/forms","table":"526f33ed-d433-483d-9704-234da67ff149","id":"@triggerOutputs()?['body/ID']","item/Status/Value":"Declined","item/School/Id":"@triggerOutputs()?['body/School/Id']"},"host":{"apiId":"/providers/Microsoft.PowerApps/apis/shared_sharepointonline","connectionName":"shared_sharepointonline","operationId":"PatchItem"},"authentication":"@parameters('$authentication')"}},"Apply_to_each":{"foreach":"@outputs('Start_and_wait_for_an_approval')?['body/responses']","actions":{"Send_an_HTTP_request_to_SharePoint_4":{"metadata":{"operationMetadataId":"57a488ff-df48-4f64-bfc4-3e0e496eb173"},"type":"OpenApiConnection","inputs":{"parameters":{"dataset":"https://stirlingschools.sharepoint.com/sites/forms","parameters/method":"POST","parameters/uri":"_api/web/lists/getbytitle('Microsoft Update Account Request')/items('@{outputs('Update_item_10')?['body/ID']}')/Comments","parameters/headers":{"accept":"application/json;odata=verbose"},"parameters/body":"{\n    \"text\": \"@{items('Apply_to_each')?['responder/displayName']}: @{items('Apply_to_each')?['comments']}\"\n}"},"host":{"apiId":"/providers/Microsoft.PowerApps/apis/shared_sharepointonline","connectionName":"shared_sharepointonline","operationId":"HttpRequest"},"authentication":"@parameters('$authentication')"},"runtimeConfiguration":{"secureData":{"properties":["inputs","outputs"]}}}},"runAfter":{"Update_item_10":["Succeeded"]},"metadata":{"operationMetadataId":"7d9e7bb8-8a79-4685-9e9c-8843f33bc602"},"type":"Foreach"},"Terminate":{"runAfter":{"Apply_to_each":["Failed"]},"type":"Terminate","inputs":{"runStatus":"Succeeded"}}},"metadata":{"operationMetadataId":"b5121da8-9dbf-4621-a25c-4ca9369b4007"},"type":"Scope"}}},"expression":{"equals":["@outputs('Start_and_wait_for_an_approval_2')?['body/outcome']","Approve"]},"metadata":{"operationMetadataId":"e8ea30a2-8b61-4285-a410-284b505b3076"},"type":"If"}},"runAfter":{"Start_and_wait_for_an_approval":["Succeeded"]},"else":{"actions":{"Update_item_3":{"metadata":{"operationMetadataId":"0d4ee7f0-958b-4785-ac6a-f22c3809eab1"},"type":"OpenApiConnection","inputs":{"parameters":{"dataset":"https://stirlingschools.sharepoint.com/sites/forms","table":"526f33ed-d433-483d-9704-234da67ff149","id":"@triggerOutputs()?['body/ID']","item/Title":"@outputs('Get_manager_(V2)')?['body/officeLocation']","item/Status/Value":"Declined"},"host":{"apiId":"/providers/Microsoft.PowerApps/apis/shared_sharepointonline","connectionName":"shared_sharepointonline","operationId":"PatchItem"},"authentication":"@parameters('$authentication')"}}}},"expression":{"equals":["@outputs('Start_and_wait_for_an_approval')?['body/outcome']","Approve"]},"metadata":{"operationMetadataId":"ae9741e3-e105-4902-8f93-ecd7c8888290"},"type":"If"},"Initialize_variable":{"runAfter":{"Get_manager_(V2)":["Succeeded"]},"type":"InitializeVariable","inputs":{"variables":[{"name":"Stage Variable","type":"string"}]},"description":"up until now ms dont have a solution to set multichoice back to Update Item\nthat is why we need to append them to an array and then set it back to Update Item."},"For_each":{"foreach":"@triggerOutputs()?['body']?['Stage']","actions":{"Append_to_string_variable":{"type":"AppendToStringVariable","inputs":{"name":"Stage Variable","value":"@{item()?['Value']},"}}},"runAfter":{"Initialize_variable":["Succeeded"]},"type":"Foreach"}}},"connectionReferences":{"shared_sharepointonline":{"connectionName":"shared-sharepointonl-67f2d076-dd22-4368-804f-2db4659bccc3","source":"Embedded","id":"/providers/Microsoft.PowerApps/apis/shared_sharepointonline","tier":"NotSpecified"},"shared_approvals":{"connectionName":"shared-approvals-237fed53-6a9e-4861-bb60-0d69f1fd639d","source":"Embedded","id":"/providers/Microsoft.PowerApps/apis/shared_approvals","tier":"NotSpecified"},"shared_office365users":{"connectionName":"shared-office365user-220c33d3-8e2e-4f60-a298-b7d671388a75","source":"Embedded","id":"/providers/Microsoft.PowerApps/apis/shared_office365users","tier":"NotSpecified"},"shared_planner_1":{"connectionName":"shared-planner-c8604762-66c3-4ffd-b40b-5779d06b4e6b","source":"Embedded","id":"/providers/Microsoft.PowerApps/apis/shared_planner","tier":"NotSpecified"}},"flowFailureAlertSubscribed":false,"isManaged":false}}